unique_im,stim_pos,stim_pos_i,orient_deg,orient_i,contrast,contrast_i,phase_deg,phase_i,delta_deg,delta_i,is_specialcore,img_quiz_dots_overlap,img_quiz_dot1_x_pix,img_quiz_dot1_y_pix,img_quiz_dot2_x_pix,img_quiz_dot2_y_pix,img_quiz_dot1_x_deg,img_quiz_dot1_y_deg,img_quiz_dot2_x_deg,img_quiz_dot2_y_deg,img_quiz_dot1_orient_deg,img_quiz_dot2_orient_deg,img_quiz_dot_specialcore_stim_nr,img_quiz_dot_filename,ltm_paired_stim,ltm_paired_stim_class_i
1,left,1,11.25,1,0.05,1,0,1,0,0,0,NaN,NaN,NaN,NaN,NaN,NaN,NaN,NaN,NaN,NaN,NaN,NaN,NaN,NaN,NaN
9,right,2,11.25,1,0.2,2,0,1,0,0,0,NaN,NaN,NaN,NaN,NaN,NaN,NaN,NaN,NaN,NaN,NaN,NaN,NaN,NaN,NaN
17,left,1,11.25,1,0.8,3,0,1,0,0,1,NaN,NaN,NaN,NaN,NaN,NaN,NaN,NaN,NaN,NaN,NaN,NaN,NaN,71,4
111,,NaN,11.25,1,0.8,3,0,1,-16,1,0,NaN,NaN,NaN,NaN,NaN,NaN,NaN,NaN,NaN,NaN,NaN,NaN,NaN,NaN,NaN
112,,NaN,11.25,1,0.8,3,0,1,-8,2,0,NaN,NaN,NaN,NaN,NaN,NaN,NaN,NaN,NaN,NaN,NaN,NaN,NaN,NaN,NaN
113,,NaN,11.25,1,0.8,3,0,1,8,3,0,NaN,NaN,NaN,NaN,NaN,NaN,NaN,NaN,NaN,NaN,NaN,NaN,NaN,NaN,NaN
114,,NaN,11.25,1,0.8,3,0,1,16,4,0,NaN,NaN,NaN,NaN,NaN,NaN,NaN,NaN,NaN,NaN,NaN,NaN,NaN,NaN,NaN
2,right,2,33.75,2,0.05,1,90,2,0,0,0,NaN,NaN,NaN,NaN,NaN,NaN,NaN,NaN,NaN,NaN,NaN,NaN,NaN,NaN,NaN
10,left,1,33.75,2,0.2,2,90,2,0,0,0,NaN,NaN,NaN,NaN,NaN,NaN,NaN,NaN,NaN,NaN,NaN,NaN,NaN,NaN,NaN
18,right,2,33.75,2,0.8,3,90,2,0,0,1,NaN,NaN,NaN,NaN,NaN,NaN,NaN,NaN,NaN,NaN,NaN,NaN,NaN,44,2
115,,NaN,33.75,2,0.8,3,90,2,-16,1,0,NaN,NaN,NaN,NaN,NaN,NaN,NaN,NaN,NaN,NaN,NaN,NaN,NaN,NaN,NaN
116,,NaN,33.75,2,0.8,3,90,2,-8,2,0,NaN,NaN,NaN,NaN,NaN,NaN,NaN,NaN,NaN,NaN,NaN,NaN,NaN,NaN,NaN
117,,NaN,33.75,2,0.8,3,90,2,8,3,0,NaN,NaN,NaN,NaN,NaN,NaN,NaN,NaN,NaN,NaN,NaN,NaN,NaN,NaN,NaN
118,,NaN,33.75,2,0.8,3,90,2,16,4,0,NaN,NaN,NaN,NaN,NaN,NaN,NaN,NaN,NaN,NaN,NaN,NaN,NaN,NaN,NaN
3,left,1,56.25,3,0.05,1,180,3,0,0,0,NaN,NaN,NaN,NaN,NaN,NaN,NaN,NaN,NaN,NaN,NaN,NaN,NaN,NaN,NaN
11,right,2,56.25,3,0.2,2,180,3,0,0,0,NaN,NaN,NaN,NaN,NaN,NaN,NaN,NaN,NaN,NaN,NaN,NaN,NaN,NaN,NaN
19,left,1,56.25,3,0.8,3,180,3,0,0,1,NaN,NaN,NaN,NaN,NaN,NaN,NaN,NaN,NaN,NaN,NaN,NaN,NaN,55,3
119,,NaN,56.25,3,0.8,3,180,3,-16,1,0,NaN,NaN,NaN,NaN,NaN,NaN,NaN,NaN,NaN,NaN,NaN,NaN,NaN,NaN,NaN
120,,NaN,56.25,3,0.8,3,180,3,-8,2,0,NaN,NaN,NaN,NaN,NaN,NaN,NaN,NaN,NaN,NaN,NaN,NaN,NaN,NaN,NaN
121,,NaN,56.25,3,0.8,3,180,3,8,3,0,NaN,NaN,NaN,NaN,NaN,NaN,NaN,NaN,NaN,NaN,NaN,NaN,NaN,NaN,NaN
122,,NaN,56.25,3,0.8,3,180,3,16,4,0,NaN,NaN,NaN,NaN,NaN,NaN,NaN,NaN,NaN,NaN,NaN,NaN,NaN,NaN,NaN
4,right,2,78.75,4,0.05,1,270,4,0,0,0,NaN,NaN,NaN,NaN,NaN,NaN,NaN,NaN,NaN,NaN,NaN,NaN,NaN,NaN,NaN
12,left,1,78.75,4,0.2,2,270,4,0,0,0,NaN,NaN,NaN,NaN,NaN,NaN,NaN,NaN,NaN,NaN,NaN,NaN,NaN,NaN,NaN
20,right,2,78.75,4,0.8,3,270,4,0,0,1,NaN,NaN,NaN,NaN,NaN,NaN,NaN,NaN,NaN,NaN,NaN,NaN,NaN,42,2
123,,NaN,78.75,4,0.8,3,270,4,-16,1,0,NaN,NaN,NaN,NaN,NaN,NaN,NaN,NaN,NaN,NaN,NaN,NaN,NaN,NaN,NaN
124,,NaN,78.75,4,0.8,3,270,4,-8,2,0,NaN,NaN,NaN,NaN,NaN,NaN,NaN,NaN,NaN,NaN,NaN,NaN,NaN,NaN,NaN
125,,NaN,78.75,4,0.8,3,270,4,8,3,0,NaN,NaN,NaN,NaN,NaN,NaN,NaN,NaN,NaN,NaN,NaN,NaN,NaN,NaN,NaN
126,,NaN,78.75,4,0.8,3,270,4,16,4,0,NaN,NaN,NaN,NaN,NaN,NaN,NaN,NaN,NaN,NaN,NaN,NaN,NaN,NaN,NaN
5,left,1,101.25,5,0.05,1,0,1,0,0,0,NaN,NaN,NaN,NaN,NaN,NaN,NaN,NaN,NaN,NaN,NaN,NaN,NaN,NaN,NaN
13,right,2,101.25,5,0.2,2,0,1,0,0,0,NaN,NaN,NaN,NaN,NaN,NaN,NaN,NaN,NaN,NaN,NaN,NaN,NaN,NaN,NaN
21,left,1,101.25,5,0.8,3,0,1,0,0,1,NaN,NaN,NaN,NaN,NaN,NaN,NaN,NaN,NaN,NaN,NaN,NaN,NaN,41,2
127,,NaN,101.25,5,0.8,3,0,1,-16,1,0,NaN,NaN,NaN,NaN,NaN,NaN,NaN,NaN,NaN,NaN,NaN,NaN,NaN,NaN,NaN
128,,NaN,101.25,5,0.8,3,0,1,-8,2,0,NaN,NaN,NaN,NaN,NaN,NaN,NaN,NaN,NaN,NaN,NaN,NaN,NaN,NaN,NaN
129,,NaN,101.25,5,0.8,3,0,1,8,3,0,NaN,NaN,NaN,NaN,NaN,NaN,NaN,NaN,NaN,NaN,NaN,NaN,NaN,NaN,NaN
130,,NaN,101.25,5,0.8,3,0,1,16,4,0,NaN,NaN,NaN,NaN,NaN,NaN,NaN,NaN,NaN,NaN,NaN,NaN,NaN,NaN,NaN
6,right,2,123.75,6,0.05,1,90,2,0,0,0,NaN,NaN,NaN,NaN,NaN,NaN,NaN,NaN,NaN,NaN,NaN,NaN,NaN,NaN,NaN
14,left,1,123.75,6,0.2,2,90,2,0,0,0,NaN,NaN,NaN,NaN,NaN,NaN,NaN,NaN,NaN,NaN,NaN,NaN,NaN,NaN,NaN
22,right,2,123.75,6,0.8,3,90,2,0,0,1,NaN,NaN,NaN,NaN,NaN,NaN,NaN,NaN,NaN,NaN,NaN,NaN,NaN,72,4
131,,NaN,123.75,6,0.8,3,90,2,-16,1,0,NaN,NaN,NaN,NaN,NaN,NaN,NaN,NaN,NaN,NaN,NaN,NaN,NaN,NaN,NaN
132,,NaN,123.75,6,0.8,3,90,2,-8,2,0,NaN,NaN,NaN,NaN,NaN,NaN,NaN,NaN,NaN,NaN,NaN,NaN,NaN,NaN,NaN
133,,NaN,123.75,6,0.8,3,90,2,8,3,0,NaN,NaN,NaN,NaN,NaN,NaN,NaN,NaN,NaN,NaN,NaN,NaN,NaN,NaN,NaN
134,,NaN,123.75,6,0.8,3,90,2,16,4,0,NaN,NaN,NaN,NaN,NaN,NaN,NaN,NaN,NaN,NaN,NaN,NaN,NaN,NaN,NaN
7,left,1,146.25,7,0.05,1,180,3,0,0,0,NaN,NaN,NaN,NaN,NaN,NaN,NaN,NaN,NaN,NaN,NaN,NaN,NaN,NaN,NaN
15,right,2,146.25,7,0.2,2,180,3,0,0,0,NaN,NaN,NaN,NaN,NaN,NaN,NaN,NaN,NaN,NaN,NaN,NaN,NaN,NaN,NaN
23,left,1,146.25,7,0.8,3,180,3,0,0,1,NaN,NaN,NaN,NaN,NaN,NaN,NaN,NaN,NaN,NaN,NaN,NaN,NaN,53,3
135,,NaN,146.25,7,0.8,3,180,3,-16,1,0,NaN,NaN,NaN,NaN,NaN,NaN,NaN,NaN,NaN,NaN,NaN,NaN,NaN,NaN,NaN
136,,NaN,146.25,7,0.8,3,180,3,-8,2,0,NaN,NaN,NaN,NaN,NaN,NaN,NaN,NaN,NaN,NaN,NaN,NaN,NaN,NaN,NaN
137,,NaN,146.25,7,0.8,3,180,3,8,3,0,NaN,NaN,NaN,NaN,NaN,NaN,NaN,NaN,NaN,NaN,NaN,NaN,NaN,NaN,NaN
138,,NaN,146.25,7,0.8,3,180,3,16,4,0,NaN,NaN,NaN,NaN,NaN,NaN,NaN,NaN,NaN,NaN,NaN,NaN,NaN,NaN,NaN
8,right,2,168.75,8,0.05,1,270,4,0,0,0,NaN,NaN,NaN,NaN,NaN,NaN,NaN,NaN,NaN,NaN,NaN,NaN,NaN,NaN,NaN
16,left,1,168.75,8,0.2,2,270,4,0,0,0,NaN,NaN,NaN,NaN,NaN,NaN,NaN,NaN,NaN,NaN,NaN,NaN,NaN,NaN,NaN
24,right,2,168.75,8,0.8,3,270,4,0,0,1,NaN,NaN,NaN,NaN,NaN,NaN,NaN,NaN,NaN,NaN,NaN,NaN,NaN,61,3
139,,NaN,168.75,8,0.8,3,270,4,-16,1,0,NaN,NaN,NaN,NaN,NaN,NaN,NaN,NaN,NaN,NaN,NaN,NaN,NaN,NaN,NaN
140,,NaN,168.75,8,0.8,3,270,4,-8,2,0,NaN,NaN,NaN,NaN,NaN,NaN,NaN,NaN,NaN,NaN,NaN,NaN,NaN,NaN,NaN
141,,NaN,168.75,8,0.8,3,270,4,8,3,0,NaN,NaN,NaN,NaN,NaN,NaN,NaN,NaN,NaN,NaN,NaN,NaN,NaN,NaN,NaN
142,,NaN,168.75,8,0.8,3,270,4,16,4,0,NaN,NaN,NaN,NaN,NaN,NaN,NaN,NaN,NaN,NaN,NaN,NaN,NaN,NaN,NaN
423,left,1,11.25,1,0.8,3,0,1,0,0,1,1,173,221,211,31,1.06544505747053,0.504085100022223,-0.868447232715287,1.69522287670619,11.25,191.25,17,NaN,NaN,NaN
424,left,1,11.25,1,0.8,3,0,1,0,0,1,1,166,322,211,96,1.06658466745984,1.65631180577183,-0.75644007449818,0.99360531150965,11.25,191.25,17,NaN,NaN,NaN
425,left,1,11.25,1,0.8,3,0,1,0,0,1,1,192,238,224,82,0.855688382827937,0.72085188781136,-0.720827894623666,1.19755221959634,11.25,191.25,17,NaN,NaN,NaN
426,left,1,11.25,1,0.8,3,0,1,0,0,1,1,120,308,148,168,1.28339564304432,1.62169170480032,-1.84395929624192,0.337215338404573,11.25,191.25,17,NaN,NaN,NaN
427,left,1,11.25,1,0.8,3,0,1,0,0,1,1,178,229,216,38,1.0016898411222,0.590735317292612,-0.840557043781335,1.63815855059982,11.25,191.25,17,NaN,NaN,NaN
428,left,1,11.25,1,0.8,3,0,1,0,0,1,1,171,259,213,45,1.06620240615014,0.937936621713426,-0.843312991779612,1.54444088425242,11.25,191.25,17,NaN,NaN,NaN
429,left,1,11.25,1,0.8,3,0,1,0,0,1,1,206,288,249,71,0.853806175976653,1.30896964750452,-0.628464113023909,1.44673682779953,11.25,191.25,17,NaN,NaN,NaN
430,left,1,11.25,1,0.8,3,0,1,0,0,1,1,91,224,127,44,1.70992320836009,1.10745137125654,-1.2524616042005,1.60353375836116,11.25,191.25,17,NaN,NaN,NaN
431,left,1,11.25,1,0.8,3,0,1,0,0,1,1,244,254,280,76,0.553802852841862,1.17048855510967,-0.501557158881954,1.63676443501941,11.25,191.25,17,NaN,NaN,NaN
432,left,1,11.25,1,0.8,3,0,1,0,0,1,1,197,215,226,71,0.6992658284484,0.494717040435152,-0.736581154045656,1.32233325691105,11.25,191.25,17,NaN,NaN,NaN
433,left,1,11.25,1,0.8,3,0,1,0,0,1,2,58,157,288,88,-1.93700220081464,1.36155024128739,-0.43578415824025,1.61132231545459,73.25,253.25,17,NaN,NaN,NaN
434,left,1,11.25,1,0.8,3,0,1,0,0,1,2,72,216,236,108,1.80684521447915,1.26362825602707,-0.559502180368387,1.02904219937595,56.5,236.5,17,NaN,NaN,NaN
435,left,1,11.25,1,0.8,3,0,1,0,0,1,2,193,225,302,120,0.809658110732141,0.58044626680502,-0.273703870750676,1.5653249637358,46.25,226.25,17,NaN,NaN,NaN
436,left,1,11.25,1,0.8,3,0,1,0,0,1,2,110,224,318,215,1.6372055247833,0.92939212802846,0.173856631966784,1.65807387211784,87.5,267.5,17,NaN,NaN,NaN
437,left,1,11.25,1,0.8,3,0,1,0,0,1,2,231,286,29,149,0.718920719327218,1.39115089764232,-1.92358856128061,1.70314002899779,304,484,17,NaN,NaN,NaN
438,left,1,11.25,1,0.8,3,0,1,0,0,1,2,270,284,140,150,0.556236038798508,1.61821191474212,-1.63020561076367,0.508238279194978,316,496,17,NaN,NaN,NaN
439,left,1,11.25,1,0.8,3,0,1,0,0,1,2,218,206,68,72,0.401535802134727,0.583539579960252,-1.54315403033222,1.70934380533305,311.75,491.75,17,NaN,NaN,NaN
440,left,1,11.25,1,0.8,3,0,1,0,0,1,2,105,193,235,75,1.89389899404838,0.831703650730069,-0.682084417219714,1.32291811024748,47.75,227.75,17,NaN,NaN,NaN
441,left,1,11.25,1,0.8,3,0,1,0,0,1,2,186,235,36,142,0.913021057346438,0.669132868687229,-1.88341851083202,1.64191064578444,301.75,481.75,17,NaN,NaN,NaN
442,left,1,11.25,1,0.8,3,0,1,0,0,1,2,92,290,213,175,1.43739577047601,1.60544378628211,-0.021663627919381,0.409040755471836,46.5,226.5,17,NaN,NaN,NaN
443,right,2,33.75,2,0.8,3,90,2,0,0,1,1,139,255,265,67,1.30861073264377,0.986004932526806,-0.579641791700977,1.59975268456698,33.75,213.75,18,NaN,NaN,NaN
444,right,2,33.75,2,0.8,3,90,2,0,0,1,1,145,220,241,76,1.42829311963583,0.611663952167642,-0.649098096981436,1.36044586547627,33.75,213.75,18,NaN,NaN,NaN
445,right,2,33.75,2,0.8,3,90,2,0,0,1,1,78,290,195,114,1.48601583008347,1.70824362961921,-0.832365621083729,0.735953051546422,33.75,213.75,18,NaN,NaN,NaN
446,right,2,33.75,2,0.8,3,90,2,0,0,1,1,179,177,264,50,0.0994711356025964,0.0311446178561169,-0.627292007143636,1.74043277578864,33.75,213.75,18,NaN,NaN,NaN
447,right,2,33.75,2,0.8,3,90,2,0,0,1,1,159,213,229,109,1.30792137576738,0.45460695784552,-0.593172084233634,0.967464935241895,33.75,213.75,18,NaN,NaN,NaN
448,right,2,33.75,2,0.8,3,90,2,0,0,1,1,93,215,212,37,1.76339049606853,1.04125978370845,-0.85971852360639,1.63652858400135,33.75,213.75,18,NaN,NaN,NaN
449,right,2,33.75,2,0.8,3,90,2,0,0,1,1,176,177,256,58,1.08702554575087,0.0112782648637039,-0.635708851012506,1.61480496089478,33.75,213.75,18,NaN,NaN,NaN
450,right,2,33.75,2,0.8,3,90,2,0,0,1,1,172,183,256,57,1.46628956952888,0.0892701996798677,-0.641287522550555,1.62617246436345,33.75,213.75,18,NaN,NaN,NaN
451,right,2,33.75,2,0.8,3,90,2,0,0,1,1,176,209,272,65,1.03045198583409,0.373459667268525,-0.55859716700092,1.6663303539392,33.75,213.75,18,NaN,NaN,NaN
452,right,2,33.75,2,0.8,3,90,2,0,0,1,1,89,252,209,73,1.57710164039294,1.30994368455524,-0.823484695547724,1.228886706143,33.75,213.75,18,NaN,NaN,NaN
453,right,2,33.75,2,0.8,3,90,2,0,0,1,2,155,321,30,178,1.11753939395891,1.65192384309082,2.03446349108958,1.66359672453963,318.75,498.75,18,NaN,NaN,NaN
454,right,2,33.75,2,0.8,3,90,2,0,0,1,2,174,173,299,121,-1.3566140178152,0.0508388990643146,-0.276555486246162,1.53009988435979,67.5,247.5,18,NaN,NaN,NaN
455,right,2,33.75,2,0.8,3,90,2,0,0,1,2,155,96,300,163,-1.19047139851168,0.947667227090573,-0.0692011515861681,1.40558920671766,115,295,18,NaN,NaN,NaN
456,right,2,33.75,2,0.8,3,90,2,0,0,1,2,52,128,290,264,-1.80177668155089,1.51753607403922,0.428955415604021,1.62351294481249,119.75,299.75,18,NaN,NaN,NaN
457,right,2,33.75,2,0.8,3,90,2,0,0,1,2,44,192,306,107,1.96629949026029,1.51406819329961,-0.321272842993157,1.66946299808368,72,252,18,NaN,NaN,NaN
458,right,2,33.75,2,0.8,3,90,2,0,0,1,2,182,155,298,85,-0.861134498988046,0.254796530124586,-0.416835270242092,1.72641946947954,59.25,239.25,18,NaN,NaN,NaN
459,right,2,33.75,2,0.8,3,90,2,0,0,1,2,174,169,322,153,-1.20468593386222,0.0942853363028621,-0.104045316446011,1.67484729388368,84,264,18,NaN,NaN,NaN
460,right,2,33.75,2,0.8,3,90,2,0,0,1,2,98,48,267,56,-1.37469170263422,1.70637780798358,-0.603008730235328,1.70814061005543,92.75,272.75,18,NaN,NaN,NaN
461,right,2,33.75,2,0.8,3,90,2,0,0,1,2,233,203,108,83,0.285653867722941,0.707224425683022,-1.42894873052929,1.31544266690747,314,494,18,NaN,NaN,NaN
462,right,2,33.75,2,0.8,3,90,2,0,0,1,2,121,289,41,125,1.31936765902304,1.41830182399247,-1.80353027765277,1.64504225240919,334,514,18,NaN,NaN,NaN
463,left,1,56.25,3,0.8,3,180,3,0,0,1,1,92,286,320,133,1.44822887196819,1.56589453099002,-0.189555662686347,1.69900004723408,56.25,236.25,19,NaN,NaN,NaN
464,left,1,56.25,3,0.8,3,180,3,0,0,1,1,23,167,188,57,-2.00057248006651,1.74025193087069,-0.959212875780505,1.36065403354277,56.25,236.25,19,NaN,NaN,NaN
465,left,1,56.25,3,0.8,3,180,3,0,0,1,1,77,242,248,127,1.66525595345962,1.35041000992458,-0.392168292588595,0.983271739608061,56.25,236.25,19,NaN,NaN,NaN
466,left,1,56.25,3,0.8,3,180,3,0,0,1,1,173,176,290,98,-1.98045476647306,0.0396924761550993,-0.393072226475723,1.56769807437223,56.25,236.25,19,NaN,NaN,NaN
467,left,1,56.25,3,0.8,3,180,3,0,0,1,1,66,143,205,51,-1.84928484512112,1.30650705996275,-0.878071870456594,1.46295755444287,56.25,236.25,19,NaN,NaN,NaN
468,left,1,56.25,3,0.8,3,180,3,0,0,1,1,99,232,217,153,1.63897482952361,1.08066835036127,-0.343732125692613,0.537883105956799,56.25,236.25,19,NaN,NaN,NaN
469,left,1,56.25,3,0.8,3,180,3,0,0,1,1,80,288,305,138,1.4836819140414,1.67690897819706,-0.188877211435501,1.51553039164805,56.25,236.25,19,NaN,NaN,NaN
470,left,1,56.25,3,0.8,3,180,3,0,0,1,1,171,195,289,116,1.21745303656827,0.223557117991213,-0.319813850537824,1.45212920193959,56.25,236.25,19,NaN,NaN,NaN
471,left,1,56.25,3,0.8,3,180,3,0,0,1,1,31,171,211,51,-2.01803722738576,1.6548398111827,-0.846718415865994,1.47711666367953,56.25,236.25,19,NaN,NaN,NaN
472,left,1,56.25,3,0.8,3,180,3,0,0,1,1,95,290,307,149,1.42511802683844,1.58627350907033,-0.137075913962712,1.5098851149246,56.25,236.25,19,NaN,NaN,NaN
473,left,1,56.25,3,0.8,3,180,3,0,0,1,2,193,321,177,181,0.946517417797028,1.64881130278708,0.936284990584555,0.048103409040915,353.5,533.5,19,NaN,NaN,NaN
474,left,1,56.25,3,0.8,3,180,3,0,0,1,2,56,175,292,122,-2.0320865102539,1.37209073887204,-0.284268769372165,1.44950590466794,77.5,257.5,19,NaN,NaN,NaN
475,left,1,56.25,3,0.8,3,180,3,0,0,1,2,167,175,266,242,-1.91718914775427,0.115141400034827,0.411847512729736,1.26182962223372,124.25,304.25,19,NaN,NaN,NaN
476,left,1,56.25,3,0.8,3,180,3,0,0,1,2,160,302,126,192,1.10511367403178,1.4348162366229,1.8482734360977,0.594083395108664,343,523,19,NaN,NaN,NaN
477,left,1,56.25,3,0.8,3,180,3,0,0,1,2,186,270,135,65,0.951918751959119,1.07019905944677,-1.25056182703754,1.35165115669094,346,526,19,NaN,NaN,NaN
478,left,1,56.25,3,0.8,3,180,3,0,0,1,2,65,104,205,152,-1.66519046607232,1.51341055532493,-0.45710044303648,0.430152714956401,109,289,19,NaN,NaN,NaN
479,left,1,56.25,3,0.8,3,180,3,0,0,1,2,158,313,173,130,1.10830490439193,1.56709411079779,-1.06689611213263,0.532121410473948,4.75,184.75,19,NaN,NaN,NaN
480,left,1,56.25,3,0.8,3,180,3,0,0,1,2,241,276,256,70,0.647581622143919,1.34543991685344,-0.604162270158271,1.51315274164687,4.25,184.25,19,NaN,NaN,NaN
481,left,1,56.25,3,0.8,3,180,3,0,0,1,2,136,97,306,248,-1.32738674081347,1.01352089039919,0.32627366961854,1.68161341342042,131.5,311.5,19,NaN,NaN,NaN
482,left,1,56.25,3,0.8,3,180,3,0,0,1,2,255,206,176,74,0.232449983740685,0.955956196685223,-1.02278147126641,1.16216142875699,329,509,19,NaN,NaN,NaN
483,right,2,78.75,4,0.8,3,270,4,0,0,1,1,85,172,211,147,-2.01130456473084,1.03538816630218,-0.454249735382498,0.515191726687863,78.75,258.75,20,NaN,NaN,NaN
484,right,2,78.75,4,0.8,3,270,4,0,0,1,1,66,216,320,166,1.81689492326707,1.3368673542634,-0.0483860915905284,1.62898404387806,78.75,258.75,20,NaN,NaN,NaN
485,right,2,78.75,4,0.8,3,270,4,0,0,1,1,67,233,325,181,1.73420211592502,1.39703997527415,0.020020595812459,1.69019080481343,78.75,258.75,20,NaN,NaN,NaN
486,right,2,78.75,4,0.8,3,270,4,0,0,1,1,69,183,258,145,2.00248397670349,1.22650636065096,-0.237879347342585,0.991097492251715,78.75,258.75,20,NaN,NaN,NaN
487,right,2,78.75,4,0.8,3,270,4,0,0,1,1,22,177,280,126,2.03743823321976,1.74682270535588,-0.294232972896556,1.30546280854173,78.75,258.75,20,NaN,NaN,NaN
488,right,2,78.75,4,0.8,3,270,4,0,0,1,1,98,197,311,155,1.87427016335174,0.919653931852217,-0.104230426898938,1.54516582685915,78.75,258.75,20,NaN,NaN,NaN
489,right,2,78.75,4,0.8,3,270,4,0,0,1,1,32,177,264,131,2.03860818228326,1.63853101202122,-0.311712010220614,1.1213580256394,78.75,258.75,20,NaN,NaN,NaN
490,right,2,78.75,4,0.8,3,270,4,0,0,1,1,108,203,329,160,1.79777312606715,0.836886752293816,-0.0719610959361419,1.73457449054746,78.75,258.75,20,NaN,NaN,NaN
491,right,2,78.75,4,0.8,3,270,4,0,0,1,1,114,213,327,170,1.70170341307857,0.823754173366154,-0.0269728129392841,1.71060956927412,78.75,258.75,20,NaN,NaN,NaN
492,right,2,78.75,4,0.8,3,270,4,0,0,1,1,39,200,323,144,1.93013874872141,1.57753693607502,-0.142984092319773,1.70310124823767,78.75,258.75,20,NaN,NaN,NaN
493,right,2,78.75,4,0.8,3,270,4,0,0,1,2,188,135,234,303,-0.840954537115249,0.485926458855478,0.743445768012653,1.57167997039197,164.75,344.75,20,NaN,NaN,NaN
494,right,2,78.75,4,0.8,3,270,4,0,0,1,2,90,255,116,67,1.558857075934,1.32337170077343,-1.34652906889215,1.42189210484235,7.75,187.75,20,NaN,NaN,NaN
495,right,2,78.75,4,0.8,3,270,4,0,0,1,2,77,288,307,106,1.49296072844357,1.69737252926298,-0.323981567855775,1.68185532556381,51.5,231.5,20,NaN,NaN,NaN
496,right,2,78.75,4,0.8,3,270,4,0,0,1,2,77,177,190,282,2.03536392673753,1.12665513324402,0.935131445948084,1.20809723745142,132.75,312.75,20,NaN,NaN,NaN
497,right,2,78.75,4,0.8,3,270,4,0,0,1,2,136,82,192,279,-1.28139027785734,1.16955881696573,0.923746687379938,1.17607361194669,164.25,344.25,20,NaN,NaN,NaN
498,right,2,78.75,4,0.8,3,270,4,0,0,1,2,89,116,319,164,-1.64810310334243,1.20145320026476,-0.0572585321709202,1.61786554230527,101.75,281.75,20,NaN,NaN,NaN
499,right,2,78.75,4,0.8,3,270,4,0,0,1,2,107,166,282,247,-1.9470221911673,0.800846995488494,0.383662742068756,1.43682763344461,114.75,294.75,20,NaN,NaN,NaN
500,right,2,78.75,4,0.8,3,270,4,0,0,1,2,83,104,242,264,-1.61326177079731,1.34674719279003,0.600058829640777,1.23747424946732,135,315,20,NaN,NaN,NaN
501,right,2,78.75,4,0.8,3,270,4,0,0,1,2,172,179,288,215,1.78324115623669,0.0599250266343391,0.217258982440089,1.33626621769314,107.5,287.5,20,NaN,NaN,NaN
502,right,2,78.75,4,0.8,3,270,4,0,0,1,2,89,111,253,185,-1.62667296840829,1.23911162333709,0.0682521681566479,0.871829520205889,114,294,20,NaN,NaN,NaN
503,left,1,101.25,5,0.8,3,0,1,0,0,1,1,136,193,320,229,1.79469282089763,0.498005213458488,0.229654787266702,1.7321724133802,101.25,281.25,21,NaN,NaN,NaN
504,left,1,101.25,5,0.8,3,0,1,0,0,1,1,60,166,242,202,-1.98358231338572,1.33155829349927,0.244306127189919,0.802207566326179,101.25,281.25,21,NaN,NaN,NaN
505,left,1,101.25,5,0.8,3,0,1,0,0,1,1,180,121,326,150,-0.974676992435665,0.626966921074549,-0.113218730374332,1.71737467526217,101.25,281.25,21,NaN,NaN,NaN
506,left,1,101.25,5,0.8,3,0,1,0,0,1,1,164,219,280,242,1.20153804177798,0.49717093631074,0.365527318834044,1.38353061073361,101.25,281.25,21,NaN,NaN,NaN
507,left,1,101.25,5,0.8,3,0,1,0,0,1,1,85,146,263,182,-1.83542811619543,1.09442967144127,0.0409678586710312,0.987137178195384,101.25,281.25,21,NaN,NaN,NaN
508,left,1,101.25,5,0.8,3,0,1,0,0,1,1,83,183,291,224,1.99485427218556,1.0636341161431,0.258498901382095,1.40435295641166,101.25,281.25,21,NaN,NaN,NaN
509,left,1,101.25,5,0.8,3,0,1,0,0,1,1,135,174,247,196,-2.00426293223668,0.467822884832806,0.178316087040181,0.834861640206693,101.25,281.25,21,NaN,NaN,NaN
510,left,1,101.25,5,0.8,3,0,1,0,0,1,1,125,149,319,188,-1.72987971075252,0.664354113996595,0.0532327462848837,1.62282384718987,101.25,281.25,21,NaN,NaN,NaN
511,left,1,101.25,5,0.8,3,0,1,0,0,1,1,52,200,224,234,1.92073777014635,1.43849866018674,0.573585860571225,0.845061879442495,101.25,281.25,21,NaN,NaN,NaN
512,left,1,101.25,5,0.8,3,0,1,0,0,1,1,128,83,280,113,-1.32915977604049,1.19594366551952,-0.356208904537232,1.38169873143512,101.25,281.25,21,NaN,NaN,NaN
513,left,1,101.25,5,0.8,3,0,1,0,0,1,2,126,142,273,261,-1.65544609453252,0.691083385167269,0.464911096874087,1.45532096651662,128.75,308.75,21,NaN,NaN,NaN
514,left,1,101.25,5,0.8,3,0,1,0,0,1,2,203,30,323,185,-0.902747553571969,1.68873693390415,0.0394010272894434,1.65927234635501,142.5,322.5,21,NaN,NaN,NaN
515,left,1,101.25,5,0.8,3,0,1,0,0,1,2,175,53,283,123,-1.02884628645938,1.40301558217717,-0.300241940816828,1.35447150590643,123,303,21,NaN,NaN,NaN
516,left,1,101.25,5,0.8,3,0,1,0,0,1,2,139,183,308,125,1.93069824189044,0.426684188366524,-0.243339789370926,1.60088505781213,71,251,21,NaN,NaN,NaN
517,left,1,101.25,5,0.8,3,0,1,0,0,1,2,164,259,237,101,1.12104743245738,0.942430750211695,-0.580871743607771,1.10009173401154,25,205,21,NaN,NaN,NaN
518,left,1,101.25,5,0.8,3,0,1,0,0,1,2,102,262,179,34,1.48338539309766,1.28398670964367,-1.01025553841339,1.61316902237461,18.5,198.5,21,NaN,NaN,NaN
519,left,1,101.25,5,0.8,3,0,1,0,0,1,2,143,164,207,273,-1.81542064157315,0.400922117385108,0.823670922751983,1.15171975972513,149.75,329.75,21,NaN,NaN,NaN
520,left,1,101.25,5,0.8,3,0,1,0,0,1,2,197,277,250,43,0.892939692474945,1.16737765452337,-0.695330738791806,1.73021468222002,12.75,192.75,21,NaN,NaN,NaN
521,left,1,101.25,5,0.8,3,0,1,0,0,1,2,126,128,125,266,-1.5488545680202,0.793014867825766,1.35987023454734,1.16842824026829,180.25,360.25,21,NaN,NaN,NaN
522,left,1,101.25,5,0.8,3,0,1,0,0,1,2,233,253,283,101,0.607220546462046,1.07805972892927,-0.400480589978122,1.48154670474107,18.25,198.25,21,NaN,NaN,NaN
523,right,2,123.75,6,0.8,3,90,2,0,0,1,1,112,41,255,137,-1.31008171440142,1.70616859567009,-0.302337479795184,1.00211410478003,123.75,303.75,22,NaN,NaN,NaN
524,right,2,123.75,6,0.8,3,90,2,0,0,1,1,74,153,215,247,-1.89445870106698,1.18758393130575,0.694385619403658,0.914587629871483,123.75,303.75,22,NaN,NaN,NaN
525,right,2,123.75,6,0.8,3,90,2,0,0,1,1,143,39,272,125,-1.17383664884337,1.60819701689858,-0.320778904881927,1.23544613482392,123.75,303.75,22,NaN,NaN,NaN
526,right,2,123.75,6,0.8,3,90,2,0,0,1,1,48,106,195,204,-1.71496346372388,1.65901949388,0.638566965848911,0.37618922985543,123.75,303.75,22,NaN,NaN,NaN
527,right,2,123.75,6,0.8,3,90,2,0,0,1,1,59,124,193,214,-1.76962302448864,1.45788097660968,0.751797602610117,0.461763790110877,123.75,303.75,22,NaN,NaN,NaN
528,right,2,123.75,6,0.8,3,90,2,0,0,1,1,89,202,245,307,1.85662843128819,1.03629701123041,0.704332039757173,1.67133877198141,123.75,303.75,22,NaN,NaN,NaN
529,right,2,123.75,6,0.8,3,90,2,0,0,1,1,48,105,191,201,-1.71059450968081,1.67182381875259,0.662781112126303,0.321308769306878,123.75,303.75,22,NaN,NaN,NaN
530,right,2,123.75,6,0.8,3,90,2,0,0,1,1,118,44,314,175,-1.29057754754136,1.64660736307006,-0.00762463335749207,1.56227236980448,123.75,303.75,22,NaN,NaN,NaN
531,right,2,123.75,6,0.8,3,90,2,0,0,1,1,156,73,304,172,-1.14710404952543,1.19442188846966,-0.0235453121547382,1.44511560461034,123.75,303.75,22,NaN,NaN,NaN
532,right,2,123.75,6,0.8,3,90,2,0,0,1,1,202,117,309,189,-0.755846936779303,0.733152391908748,0.059636276121837,1.51166737673386,123.75,303.75,22,NaN,NaN,NaN
533,right,2,123.75,6,0.8,3,90,2,0,0,1,2,152,46,188,251,-1.14367291037703,1.50291076577648,0.924274126725346,0.855241332485673,170,350,22,NaN,NaN,NaN
534,right,2,123.75,6,0.8,3,90,2,0,0,1,2,177,256,305,255,1.01439886799135,0.905385566732611,0.356005877553611,1.70159125453707,89.25,269.25,22,NaN,NaN,NaN
535,right,2,123.75,6,0.8,3,90,2,0,0,1,2,227,99,253,276,-0.646522694265737,1.04887545368954,0.594015433714257,1.42797116154373,171.5,351.5,22,NaN,NaN,NaN
536,right,2,123.75,6,0.8,3,90,2,0,0,1,2,184,182,277,112,0.39699097156328,0.109007879557985,-0.372378885450657,1.35021820598583,52.75,232.75,22,NaN,NaN,NaN
537,right,2,123.75,6,0.8,3,90,2,0,0,1,2,128,49,224,316,-1.25502892517127,1.54874220160687,0.806368293338285,1.66921076987308,160.25,340.25,22,NaN,NaN,NaN
538,right,2,123.75,6,0.8,3,90,2,0,0,1,2,53,223,300,153,1.80838858098513,1.48997028321817,-0.122062935965208,1.42551030340653,74.25,254.25,22,NaN,NaN,NaN
539,right,2,123.75,6,0.8,3,90,2,0,0,1,2,88,199,325,207,1.87952068795525,1.0335497121047,0.132478022538148,1.71907811070741,92,272,22,NaN,NaN,NaN
540,right,2,123.75,6,0.8,3,90,2,0,0,1,2,62,170,300,91,-2.00219759793139,1.30316228552359,-0.392840270293946,1.70544976163677,71.75,251.75,22,NaN,NaN,NaN
541,right,2,123.75,6,0.8,3,90,2,0,0,1,2,170,72,146,326,-1.05907866017849,1.18909762790775,1.15202815924906,1.7320499538784,185.5,365.5,22,NaN,NaN,NaN
542,right,2,123.75,6,0.8,3,90,2,0,0,1,2,178,135,91,266,-1.0013894005537,0.470162492550688,1.51935603194088,1.40376620235831,213.75,393.75,22,NaN,NaN,NaN
543,left,1,146.25,7,0.8,3,180,3,0,0,1,1,113,119,213,269,-1.56315851054377,0.974820730164435,0.775559998857144,1.12899625865394,146.25,326.25,23,NaN,NaN,NaN
544,left,1,146.25,7,0.8,3,180,3,0,0,1,1,179,176,250,283,-0.135769055454109,0.0289600306039189,0.625919585294477,1.46692082996084,146.25,326.25,23,NaN,NaN,NaN
545,left,1,146.25,7,0.8,3,180,3,0,0,1,1,107,167,211,324,-1.95249136506182,0.800727572509443,0.869793943556739,1.71429979145984,146.25,326.25,23,NaN,NaN,NaN
546,left,1,146.25,7,0.8,3,180,3,0,0,1,1,137,100,201,195,-1.32625754672323,0.977299279456632,0.419113391580823,0.349694361729742,146.25,326.25,23,NaN,NaN,NaN
547,left,1,146.25,7,0.8,3,180,3,0,0,1,1,54,93,182,285,-1.65272195532415,1.68288367542599,0.985226849396843,1.23725046737497,146.25,326.25,23,NaN,NaN,NaN
548,left,1,146.25,7,0.8,3,180,3,0,0,1,1,224,84,311,214,-0.712845750508133,1.17929624848356,0.177064108080136,1.5820411210945,146.25,326.25,23,NaN,NaN,NaN
549,left,1,146.25,7,0.8,3,180,3,0,0,1,1,127,165,205,282,-1.89690345771029,0.576726343324638,0.849436979951756,1.24154046708842,146.25,326.25,23,NaN,NaN,NaN
550,left,1,146.25,7,0.8,3,180,3,0,0,1,1,164,89,252,222,-1.11396375048731,1.00268843779474,0.348205783260323,1.00152372226513,146.25,326.25,23,NaN,NaN,NaN
551,left,1,146.25,7,0.8,3,180,3,0,0,1,1,106,157,190,283,-1.86289524026743,0.829005792614442,0.937083025761403,1.21219532243854,146.25,326.25,23,NaN,NaN,NaN
552,left,1,146.25,7,0.8,3,180,3,0,0,1,1,95,204,169,316,1.82841984423209,0.97987573130142,1.0552889155362,1.57950234878366,146.25,326.25,23,NaN,NaN,NaN
553,left,1,146.25,7,0.8,3,180,3,0,0,1,2,56,192,250,309,1.95528294386633,1.37605422301878,0.692383135248224,1.71250292244311,121,301,23,NaN,NaN,NaN
554,left,1,146.25,7,0.8,3,180,3,0,0,1,2,98,174,250,260,-2.02099580273461,0.895683116119394,0.548370777368151,1.26243625273321,119.25,299.25,23,NaN,NaN,NaN
555,left,1,146.25,7,0.8,3,180,3,0,0,1,2,241,113,116,300,-0.504384929093045,1.02718165238415,1.31567517218685,1.55932990917433,213.75,393.75,23,NaN,NaN,NaN
556,left,1,146.25,7,0.8,3,180,3,0,0,1,2,138,181,286,89,1.97295591412265,0.437874635403054,-0.438209220565977,1.58416052393887,58.25,238.25,23,NaN,NaN,NaN
557,left,1,146.25,7,0.8,3,180,3,0,0,1,2,210,62,77,290,-0.837311138500604,1.35527094483513,1.48941055643697,1.71394170950255,210.25,390.25,23,NaN,NaN,NaN
558,left,1,146.25,7,0.8,3,180,3,0,0,1,2,143,41,96,205,-1.18038511384606,1.58040928066929,1.82412092137915,0.969067669964034,196,376,23,NaN,NaN,NaN
559,left,1,146.25,7,0.8,3,180,3,0,0,1,2,207,51,229,221,-0.866579930829575,1.46471513154579,0.457195661127008,0.784462891426917,172.5,352.5,23,NaN,NaN,NaN
560,left,1,146.25,7,0.8,3,180,3,0,0,1,2,135,126,315,215,-1.46647214192448,0.737525840755441,0.17520076847363,1.62750478302941,116.25,296.25,23,NaN,NaN,NaN
561,left,1,146.25,7,0.8,3,180,3,0,0,1,2,215,143,60,251,-0.468360069463252,0.577120962239318,1.67044991761094,1.56817294060962,235,415,23,NaN,NaN,NaN
562,left,1,146.25,7,0.8,3,180,3,0,0,1,2,184,58,92,202,-0.980977703697931,1.34751142578747,1.84836398370335,1.00615893840725,212.5,392.5,23,NaN,NaN,NaN
563,right,2,168.75,8,0.8,3,270,4,0,0,1,1,151,166,174,281,-1.79125520163246,0.306873776831631,1.03537815742388,1.17977701950884,168.75,348.75,24,NaN,NaN,NaN
564,right,2,168.75,8,0.8,3,270,4,0,0,1,1,151,95,186,272,-1.22118089340198,0.965990448329408,0.957713582352288,1.08984138943255,168.75,348.75,24,NaN,NaN,NaN
565,right,2,168.75,8,0.8,3,270,4,0,0,1,1,181,36,233,299,-1.00027845115718,1.59112057643335,0.738903272730367,1.52778689821884,168.75,348.75,24,NaN,NaN,NaN
566,right,2,168.75,8,0.8,3,270,4,0,0,1,1,140,45,195,324,-1.19819352215484,1.54940652822198,0.939098020324067,1.68225036942641,168.75,348.75,24,NaN,NaN,NaN
567,right,2,168.75,8,0.8,3,270,4,0,0,1,1,148,115,190,329,-1.30432674815782,0.766839867075481,0.961441839479881,1.73591809777924,168.75,348.75,24,NaN,NaN,NaN
568,right,2,168.75,8,0.8,3,270,4,0,0,1,1,199,110,236,300,-0.814097484008511,0.799481249741084,0.726831359444478,1.55432211578714,168.75,348.75,24,NaN,NaN,NaN
569,right,2,168.75,8,0.8,3,270,4,0,0,1,1,250,72,284,246,-0.623693402511651,1.4455060478502,0.372465314493316,1.45389736449379,168.75,348.75,24,NaN,NaN,NaN
570,right,2,168.75,8,0.8,3,270,4,0,0,1,1,200,36,237,222,-0.912225997010372,1.6206606410179,0.416235662351054,0.859426837934589,168.75,348.75,24,NaN,NaN,NaN
571,right,2,168.75,8,0.8,3,270,4,0,0,1,1,177,67,215,258,-1.01836097277794,1.23901664496346,0.734773189171223,1.01944561784422,168.75,348.75,24,NaN,NaN,NaN
572,right,2,168.75,8,0.8,3,270,4,0,0,1,1,179,170,209,324,-0.828821454623901,0.0793615675940353,0.878772088935973,1.71457738687105,168.75,348.75,24,NaN,NaN,NaN
573,right,2,168.75,8,0.8,3,270,4,0,0,1,2,61,139,250,142,-1.83918648413343,1.37683934763498,-0.287010765643816,0.919049497892257,90.75,270.75,24,NaN,NaN,NaN
574,right,2,168.75,8,0.8,3,270,4,0,0,1,2,254,110,119,264,-0.46044905108116,1.15770154630507,1.39844830802488,1.18988233974149,221.25,401.25,24,NaN,NaN,NaN
575,right,2,168.75,8,0.8,3,270,4,0,0,1,2,203,28,124,247,-0.905129027854523,1.70786573967739,1.43952340781239,0.999367562455992,200,380,24,NaN,NaN,NaN
576,right,2,168.75,8,0.8,3,270,4,0,0,1,2,104,279,304,248,1.42042693742698,1.42428029113652,0.332881593908676,1.65971066411649,81.25,261.25,24,NaN,NaN,NaN
577,right,2,168.75,8,0.8,3,270,4,0,0,1,2,239,54,40,148,-0.713999152368171,1.56077676350174,-1.9058173167563,1.58011243735472,244.75,424.75,24,NaN,NaN,NaN
578,right,2,168.75,8,0.8,3,270,4,0,0,1,2,176,91,76,257,-1.0232192298134,0.965728582821106,1.60354115353749,1.46318518604592,211.25,391.25,24,NaN,NaN,NaN
579,right,2,168.75,8,0.8,3,270,4,0,0,1,2,264,72,36,228,-0.567688150167409,1.54467068269708,1.81524377618832,1.70013457984181,235.75,415.75,24,NaN,NaN,NaN
580,right,2,168.75,8,0.8,3,270,4,0,0,1,2,238,223,111,311,0.424326916515542,0.875855954809441,1.31367168404164,1.69859319186919,235.25,415.25,24,NaN,NaN,NaN
581,right,2,168.75,8,0.8,3,270,4,0,0,1,2,26,149,269,270,-1.92249556978053,1.73042516972513,0.513235432524494,1.48690476514567,116.5,296.5,24,NaN,NaN,NaN
582,right,2,168.75,8,0.8,3,270,4,0,0,1,2,161,28,293,245,-1.0889558649506,1.69466178014727,0.346447380366022,1.52796014158729,148.75,328.75,24,NaN,NaN,NaN
